id;clause;situation
0;{b,k}[!notifyDelivery*]({k,s}PROHIBITION(payProduct)_/F/_) AND {s,k}[!liberateShippingCosts*]({k,c}PROHIBITION(payShippingCosts)_/F/_) AND {k,c}[!notifyShippingPayment*]({c,b}PROHIBITION(deliverProduct)_/F/_) AND {b,s}[buyProduct]({b,k}[payProduct]({k,s}[notifyProductPayment]({s,k}[payShippingCosts]({s,c}[sendProduct]({c,b}[deliverProduct]({c,s}[notifyProductDelivery]({s,k}[liberateShippingCosts]({k,c}OBLIGATION(payShippingCosts)_/F/_) AND {s,k}OBLIGATION(liberateShippingCosts)_/F/_) AND {b,k}[notifyProductReceipt]({k,c}OBLIGATION(payProduct)_/F/_) AND {c,s}OBLIGATION(notifyProductDelivery)_/F/_ AND {b,k}OBLIGATION(notifyProductReceipt)_/F/_) AND {c,b}OBLIGATION(deliverProduct)_/F/_) AND {k,c}OBLIGATION(notifyShippingPayment)_/F/_) AND {s,k}OBLIGATION(payShippingCosts)_/F/_ AND {s,c}OBLIGATION(sendProduct)_/F/_) AND {k,s}OBLIGATION(notifyProductPayment)_/F/_) AND {b,k}OBLIGATION(payProduct)_/F/_);conflictFree
1;F;violating
2;{b,k}[payProduct]({k,s}[notifyProductPayment]({s,k}[payShippingCosts]({s,c}[sendProduct]({c,b}[deliverProduct]({c,s}[notifyProductDelivery]({s,k}[liberateShippingCosts]({k,c}OBLIGATION(payShippingCosts)_/F/_) AND {s,k}OBLIGATION(liberateShippingCosts)_/F/_) AND {b,k}[notifyProductReceipt]({k,c}OBLIGATION(payProduct)_/F/_) AND {c,s}OBLIGATION(notifyProductDelivery)_/F/_ AND {b,k}OBLIGATION(notifyProductReceipt)_/F/_) AND {c,b}OBLIGATION(deliverProduct)_/F/_) AND {k,c}OBLIGATION(notifyShippingPayment)_/F/_) AND {s,k}OBLIGATION(payShippingCosts)_/F/_ AND {s,c}OBLIGATION(sendProduct)_/F/_) AND {k,s}OBLIGATION(notifyProductPayment)_/F/_) AND {b,k}OBLIGATION(payProduct)_/F/_;conflictFree
3;{k,s}[notifyProductPayment]({s,k}[payShippingCosts]({s,c}[sendProduct]({c,b}[deliverProduct]({c,s}[notifyProductDelivery]({s,k}[liberateShippingCosts]({k,c}OBLIGATION(payShippingCosts)_/F/_) AND {s,k}OBLIGATION(liberateShippingCosts)_/F/_) AND {b,k}[notifyProductReceipt]({k,c}OBLIGATION(payProduct)_/F/_) AND {c,s}OBLIGATION(notifyProductDelivery)_/F/_ AND {b,k}OBLIGATION(notifyProductReceipt)_/F/_) AND {c,b}OBLIGATION(deliverProduct)_/F/_) AND {k,c}OBLIGATION(notifyShippingPayment)_/F/_) AND {s,k}OBLIGATION(payShippingCosts)_/F/_ AND {s,c}OBLIGATION(sendProduct)_/F/_) AND {k,s}OBLIGATION(notifyProductPayment)_/F/_;conflictFree
4;{s,k}[payShippingCosts]({s,c}[sendProduct]({c,b}[deliverProduct]({c,s}[notifyProductDelivery]({s,k}[liberateShippingCosts]({k,c}OBLIGATION(payShippingCosts)_/F/_) AND {s,k}OBLIGATION(liberateShippingCosts)_/F/_) AND {b,k}[notifyProductReceipt]({k,c}OBLIGATION(payProduct)_/F/_) AND {c,s}OBLIGATION(notifyProductDelivery)_/F/_ AND {b,k}OBLIGATION(notifyProductReceipt)_/F/_) AND {c,b}OBLIGATION(deliverProduct)_/F/_) AND {k,c}OBLIGATION(notifyShippingPayment)_/F/_) AND {s,k}OBLIGATION(payShippingCosts)_/F/_ AND {s,c}OBLIGATION(sendProduct)_/F/_;conflictFree
5;{s,c}[sendProduct]({c,b}[deliverProduct]({c,s}[notifyProductDelivery]({s,k}[liberateShippingCosts]({k,c}OBLIGATION(payShippingCosts)_/F/_) AND {s,k}OBLIGATION(liberateShippingCosts)_/F/_) AND {b,k}[notifyProductReceipt]({k,c}OBLIGATION(payProduct)_/F/_) AND {c,s}OBLIGATION(notifyProductDelivery)_/F/_ AND {b,k}OBLIGATION(notifyProductReceipt)_/F/_) AND {c,b}OBLIGATION(deliverProduct)_/F/_) AND {k,c}OBLIGATION(notifyShippingPayment)_/F/_;conflictFree
6;{c,b}[deliverProduct]({c,s}[notifyProductDelivery]({s,k}[liberateShippingCosts]({k,c}OBLIGATION(payShippingCosts)_/F/_) AND {s,k}OBLIGATION(liberateShippingCosts)_/F/_) AND {b,k}[notifyProductReceipt]({k,c}OBLIGATION(payProduct)_/F/_) AND {c,s}OBLIGATION(notifyProductDelivery)_/F/_ AND {b,k}OBLIGATION(notifyProductReceipt)_/F/_) AND {c,b}OBLIGATION(deliverProduct)_/F/_;conflictFree
7;{c,s}[notifyProductDelivery]({s,k}[liberateShippingCosts]({k,c}OBLIGATION(payShippingCosts)_/F/_) AND {s,k}OBLIGATION(liberateShippingCosts)_/F/_) AND {b,k}[notifyProductReceipt]({k,c}OBLIGATION(payProduct)_/F/_) AND {c,s}OBLIGATION(notifyProductDelivery)_/F/_ AND {b,k}OBLIGATION(notifyProductReceipt)_/F/_;conflictFree
8;{s,k}[liberateShippingCosts]({k,c}OBLIGATION(payShippingCosts)_/F/_) AND {k,c}OBLIGATION(payProduct)_/F/_;conflictFree
9;{k,c}OBLIGATION(payShippingCosts)_/F/_;conflictFree
10;T;satisfaction
11;{s,k}[!liberateShippingCosts*]({k,c}PROHIBITION(payShippingCosts)_/F/_) AND {b,k}[payProduct]({k,s}[notifyProductPayment]({s,k}[payShippingCosts]({s,c}[sendProduct]({c,b}[deliverProduct]({c,s}[notifyProductDelivery]({s,k}[liberateShippingCosts]({k,c}OBLIGATION(payShippingCosts)_/F/_) AND {s,k}OBLIGATION(liberateShippingCosts)_/F/_) AND {b,k}[notifyProductReceipt]({k,c}OBLIGATION(payProduct)_/F/_) AND {c,s}OBLIGATION(notifyProductDelivery)_/F/_ AND {b,k}OBLIGATION(notifyProductReceipt)_/F/_) AND {c,b}OBLIGATION(deliverProduct)_/F/_) AND {k,c}OBLIGATION(notifyShippingPayment)_/F/_) AND {s,k}OBLIGATION(payShippingCosts)_/F/_ AND {s,c}OBLIGATION(sendProduct)_/F/_) AND {k,s}OBLIGATION(notifyProductPayment)_/F/_) AND {b,k}OBLIGATION(payProduct)_/F/_;conflictFree
12;{s,k}[!liberateShippingCosts*]({k,c}PROHIBITION(payShippingCosts)_/F/_) AND {k,s}[notifyProductPayment]({s,k}[payShippingCosts]({s,c}[sendProduct]({c,b}[deliverProduct]({c,s}[notifyProductDelivery]({s,k}[liberateShippingCosts]({k,c}OBLIGATION(payShippingCosts)_/F/_) AND {s,k}OBLIGATION(liberateShippingCosts)_/F/_) AND {b,k}[notifyProductReceipt]({k,c}OBLIGATION(payProduct)_/F/_) AND {c,s}OBLIGATION(notifyProductDelivery)_/F/_ AND {b,k}OBLIGATION(notifyProductReceipt)_/F/_) AND {c,b}OBLIGATION(deliverProduct)_/F/_) AND {k,c}OBLIGATION(notifyShippingPayment)_/F/_) AND {s,k}OBLIGATION(payShippingCosts)_/F/_ AND {s,c}OBLIGATION(sendProduct)_/F/_) AND {k,s}OBLIGATION(notifyProductPayment)_/F/_;conflictFree
13;{s,k}[!liberateShippingCosts*]({k,c}PROHIBITION(payShippingCosts)_/F/_) AND {s,k}[payShippingCosts]({s,c}[sendProduct]({c,b}[deliverProduct]({c,s}[notifyProductDelivery]({s,k}[liberateShippingCosts]({k,c}OBLIGATION(payShippingCosts)_/F/_) AND {s,k}OBLIGATION(liberateShippingCosts)_/F/_) AND {b,k}[notifyProductReceipt]({k,c}OBLIGATION(payProduct)_/F/_) AND {c,s}OBLIGATION(notifyProductDelivery)_/F/_ AND {b,k}OBLIGATION(notifyProductReceipt)_/F/_) AND {c,b}OBLIGATION(deliverProduct)_/F/_) AND {k,c}OBLIGATION(notifyShippingPayment)_/F/_) AND {s,k}OBLIGATION(payShippingCosts)_/F/_ AND {s,c}OBLIGATION(sendProduct)_/F/_;conflictFree
14;{s,k}[!liberateShippingCosts*]({k,c}PROHIBITION(payShippingCosts)_/F/_) AND {s,c}[sendProduct]({c,b}[deliverProduct]({c,s}[notifyProductDelivery]({s,k}[liberateShippingCosts]({k,c}OBLIGATION(payShippingCosts)_/F/_) AND {s,k}OBLIGATION(liberateShippingCosts)_/F/_) AND {b,k}[notifyProductReceipt]({k,c}OBLIGATION(payProduct)_/F/_) AND {c,s}OBLIGATION(notifyProductDelivery)_/F/_ AND {b,k}OBLIGATION(notifyProductReceipt)_/F/_) AND {c,b}OBLIGATION(deliverProduct)_/F/_) AND {k,c}OBLIGATION(notifyShippingPayment)_/F/_;conflictFree
15;{s,k}[!liberateShippingCosts*]({k,c}PROHIBITION(payShippingCosts)_/F/_) AND {c,b}[deliverProduct]({c,s}[notifyProductDelivery]({s,k}[liberateShippingCosts]({k,c}OBLIGATION(payShippingCosts)_/F/_) AND {s,k}OBLIGATION(liberateShippingCosts)_/F/_) AND {b,k}[notifyProductReceipt]({k,c}OBLIGATION(payProduct)_/F/_) AND {c,s}OBLIGATION(notifyProductDelivery)_/F/_ AND {b,k}OBLIGATION(notifyProductReceipt)_/F/_) AND {c,b}OBLIGATION(deliverProduct)_/F/_;conflictFree
16;{s,k}[!liberateShippingCosts*]({k,c}PROHIBITION(payShippingCosts)_/F/_) AND {c,s}[notifyProductDelivery]({s,k}[liberateShippingCosts]({k,c}OBLIGATION(payShippingCosts)_/F/_) AND {s,k}OBLIGATION(liberateShippingCosts)_/F/_) AND {b,k}[notifyProductReceipt]({k,c}OBLIGATION(payProduct)_/F/_) AND {c,s}OBLIGATION(notifyProductDelivery)_/F/_ AND {b,k}OBLIGATION(notifyProductReceipt)_/F/_;conflictFree
17;{s,k}[!liberateShippingCosts*]({k,c}PROHIBITION(payShippingCosts)_/F/_) AND {s,k}[liberateShippingCosts]({k,c}OBLIGATION(payShippingCosts)_/F/_) AND {k,c}OBLIGATION(payProduct)_/F/_;conflictFree
18;{s,k}[!liberateShippingCosts*]({k,c}PROHIBITION(payShippingCosts)_/F/_);conflictFree
19;{b,k}[!notifyDelivery*]({k,s}PROHIBITION(payProduct)_/F/_) AND {b,k}[payProduct]({k,s}[notifyProductPayment]({s,k}[payShippingCosts]({s,c}[sendProduct]({c,b}[deliverProduct]({c,s}[notifyProductDelivery]({s,k}[liberateShippingCosts]({k,c}OBLIGATION(payShippingCosts)_/F/_) AND {s,k}OBLIGATION(liberateShippingCosts)_/F/_) AND {b,k}[notifyProductReceipt]({k,c}OBLIGATION(payProduct)_/F/_) AND {c,s}OBLIGATION(notifyProductDelivery)_/F/_ AND {b,k}OBLIGATION(notifyProductReceipt)_/F/_) AND {c,b}OBLIGATION(deliverProduct)_/F/_) AND {k,c}OBLIGATION(notifyShippingPayment)_/F/_) AND {s,k}OBLIGATION(payShippingCosts)_/F/_ AND {s,c}OBLIGATION(sendProduct)_/F/_) AND {k,s}OBLIGATION(notifyProductPayment)_/F/_) AND {b,k}OBLIGATION(payProduct)_/F/_;conflictFree
20;{b,k}[!notifyDelivery*]({k,s}PROHIBITION(payProduct)_/F/_) AND {k,s}[notifyProductPayment]({s,k}[payShippingCosts]({s,c}[sendProduct]({c,b}[deliverProduct]({c,s}[notifyProductDelivery]({s,k}[liberateShippingCosts]({k,c}OBLIGATION(payShippingCosts)_/F/_) AND {s,k}OBLIGATION(liberateShippingCosts)_/F/_) AND {b,k}[notifyProductReceipt]({k,c}OBLIGATION(payProduct)_/F/_) AND {c,s}OBLIGATION(notifyProductDelivery)_/F/_ AND {b,k}OBLIGATION(notifyProductReceipt)_/F/_) AND {c,b}OBLIGATION(deliverProduct)_/F/_) AND {k,c}OBLIGATION(notifyShippingPayment)_/F/_) AND {s,k}OBLIGATION(payShippingCosts)_/F/_ AND {s,c}OBLIGATION(sendProduct)_/F/_) AND {k,s}OBLIGATION(notifyProductPayment)_/F/_;conflictFree
21;{b,k}[!notifyDelivery*]({k,s}PROHIBITION(payProduct)_/F/_) AND {s,k}[payShippingCosts]({s,c}[sendProduct]({c,b}[deliverProduct]({c,s}[notifyProductDelivery]({s,k}[liberateShippingCosts]({k,c}OBLIGATION(payShippingCosts)_/F/_) AND {s,k}OBLIGATION(liberateShippingCosts)_/F/_) AND {b,k}[notifyProductReceipt]({k,c}OBLIGATION(payProduct)_/F/_) AND {c,s}OBLIGATION(notifyProductDelivery)_/F/_ AND {b,k}OBLIGATION(notifyProductReceipt)_/F/_) AND {c,b}OBLIGATION(deliverProduct)_/F/_) AND {k,c}OBLIGATION(notifyShippingPayment)_/F/_) AND {s,k}OBLIGATION(payShippingCosts)_/F/_ AND {s,c}OBLIGATION(sendProduct)_/F/_;conflictFree
22;{b,k}[!notifyDelivery*]({k,s}PROHIBITION(payProduct)_/F/_) AND {s,c}[sendProduct]({c,b}[deliverProduct]({c,s}[notifyProductDelivery]({s,k}[liberateShippingCosts]({k,c}OBLIGATION(payShippingCosts)_/F/_) AND {s,k}OBLIGATION(liberateShippingCosts)_/F/_) AND {b,k}[notifyProductReceipt]({k,c}OBLIGATION(payProduct)_/F/_) AND {c,s}OBLIGATION(notifyProductDelivery)_/F/_ AND {b,k}OBLIGATION(notifyProductReceipt)_/F/_) AND {c,b}OBLIGATION(deliverProduct)_/F/_) AND {k,c}OBLIGATION(notifyShippingPayment)_/F/_;conflictFree
23;{b,k}[!notifyDelivery*]({k,s}PROHIBITION(payProduct)_/F/_) AND {c,b}[deliverProduct]({c,s}[notifyProductDelivery]({s,k}[liberateShippingCosts]({k,c}OBLIGATION(payShippingCosts)_/F/_) AND {s,k}OBLIGATION(liberateShippingCosts)_/F/_) AND {b,k}[notifyProductReceipt]({k,c}OBLIGATION(payProduct)_/F/_) AND {c,s}OBLIGATION(notifyProductDelivery)_/F/_ AND {b,k}OBLIGATION(notifyProductReceipt)_/F/_) AND {c,b}OBLIGATION(deliverProduct)_/F/_;conflictFree
24;{b,k}[!notifyDelivery*]({k,s}PROHIBITION(payProduct)_/F/_) AND {c,s}[notifyProductDelivery]({s,k}[liberateShippingCosts]({k,c}OBLIGATION(payShippingCosts)_/F/_) AND {s,k}OBLIGATION(liberateShippingCosts)_/F/_) AND {b,k}[notifyProductReceipt]({k,c}OBLIGATION(payProduct)_/F/_) AND {c,s}OBLIGATION(notifyProductDelivery)_/F/_ AND {b,k}OBLIGATION(notifyProductReceipt)_/F/_;conflictFree
25;{b,k}[!notifyDelivery*]({k,s}PROHIBITION(payProduct)_/F/_) AND {s,k}[liberateShippingCosts]({k,c}OBLIGATION(payShippingCosts)_/F/_) AND {k,c}OBLIGATION(payProduct)_/F/_;conflictFree
26;{b,k}[!notifyDelivery*]({k,s}PROHIBITION(payProduct)_/F/_) AND {k,c}OBLIGATION(payShippingCosts)_/F/_;conflictFree
27;{b,k}[!notifyDelivery*]({k,s}PROHIBITION(payProduct)_/F/_);conflictFree
28;{k,c}[!notifyShippingPayment*]({c,b}PROHIBITION(deliverProduct)_/F/_) AND {b,k}[payProduct]({k,s}[notifyProductPayment]({s,k}[payShippingCosts]({s,c}[sendProduct]({c,b}[deliverProduct]({c,s}[notifyProductDelivery]({s,k}[liberateShippingCosts]({k,c}OBLIGATION(payShippingCosts)_/F/_) AND {s,k}OBLIGATION(liberateShippingCosts)_/F/_) AND {b,k}[notifyProductReceipt]({k,c}OBLIGATION(payProduct)_/F/_) AND {c,s}OBLIGATION(notifyProductDelivery)_/F/_ AND {b,k}OBLIGATION(notifyProductReceipt)_/F/_) AND {c,b}OBLIGATION(deliverProduct)_/F/_) AND {k,c}OBLIGATION(notifyShippingPayment)_/F/_) AND {s,k}OBLIGATION(payShippingCosts)_/F/_ AND {s,c}OBLIGATION(sendProduct)_/F/_) AND {k,s}OBLIGATION(notifyProductPayment)_/F/_) AND {b,k}OBLIGATION(payProduct)_/F/_;conflictFree
29;{k,c}[!notifyShippingPayment*]({c,b}PROHIBITION(deliverProduct)_/F/_) AND {k,s}[notifyProductPayment]({s,k}[payShippingCosts]({s,c}[sendProduct]({c,b}[deliverProduct]({c,s}[notifyProductDelivery]({s,k}[liberateShippingCosts]({k,c}OBLIGATION(payShippingCosts)_/F/_) AND {s,k}OBLIGATION(liberateShippingCosts)_/F/_) AND {b,k}[notifyProductReceipt]({k,c}OBLIGATION(payProduct)_/F/_) AND {c,s}OBLIGATION(notifyProductDelivery)_/F/_ AND {b,k}OBLIGATION(notifyProductReceipt)_/F/_) AND {c,b}OBLIGATION(deliverProduct)_/F/_) AND {k,c}OBLIGATION(notifyShippingPayment)_/F/_) AND {s,k}OBLIGATION(payShippingCosts)_/F/_ AND {s,c}OBLIGATION(sendProduct)_/F/_) AND {k,s}OBLIGATION(notifyProductPayment)_/F/_;conflictFree
30;{k,c}[!notifyShippingPayment*]({c,b}PROHIBITION(deliverProduct)_/F/_) AND {s,k}[payShippingCosts]({s,c}[sendProduct]({c,b}[deliverProduct]({c,s}[notifyProductDelivery]({s,k}[liberateShippingCosts]({k,c}OBLIGATION(payShippingCosts)_/F/_) AND {s,k}OBLIGATION(liberateShippingCosts)_/F/_) AND {b,k}[notifyProductReceipt]({k,c}OBLIGATION(payProduct)_/F/_) AND {c,s}OBLIGATION(notifyProductDelivery)_/F/_ AND {b,k}OBLIGATION(notifyProductReceipt)_/F/_) AND {c,b}OBLIGATION(deliverProduct)_/F/_) AND {k,c}OBLIGATION(notifyShippingPayment)_/F/_) AND {s,k}OBLIGATION(payShippingCosts)_/F/_ AND {s,c}OBLIGATION(sendProduct)_/F/_;conflictFree
31;{k,c}[!notifyShippingPayment*]({c,b}PROHIBITION(deliverProduct)_/F/_) AND {s,c}[sendProduct]({c,b}[deliverProduct]({c,s}[notifyProductDelivery]({s,k}[liberateShippingCosts]({k,c}OBLIGATION(payShippingCosts)_/F/_) AND {s,k}OBLIGATION(liberateShippingCosts)_/F/_) AND {b,k}[notifyProductReceipt]({k,c}OBLIGATION(payProduct)_/F/_) AND {c,s}OBLIGATION(notifyProductDelivery)_/F/_ AND {b,k}OBLIGATION(notifyProductReceipt)_/F/_) AND {c,b}OBLIGATION(deliverProduct)_/F/_) AND {k,c}OBLIGATION(notifyShippingPayment)_/F/_;conflictFree
32;{b,k}[!notifyDelivery*]({k,s}PROHIBITION(payProduct)_/F/_) AND {s,k}[!liberateShippingCosts*]({k,c}PROHIBITION(payShippingCosts)_/F/_) AND {b,k}[payProduct]({k,s}[notifyProductPayment]({s,k}[payShippingCosts]({s,c}[sendProduct]({c,b}[deliverProduct]({c,s}[notifyProductDelivery]({s,k}[liberateShippingCosts]({k,c}OBLIGATION(payShippingCosts)_/F/_) AND {s,k}OBLIGATION(liberateShippingCosts)_/F/_) AND {b,k}[notifyProductReceipt]({k,c}OBLIGATION(payProduct)_/F/_) AND {c,s}OBLIGATION(notifyProductDelivery)_/F/_ AND {b,k}OBLIGATION(notifyProductReceipt)_/F/_) AND {c,b}OBLIGATION(deliverProduct)_/F/_) AND {k,c}OBLIGATION(notifyShippingPayment)_/F/_) AND {s,k}OBLIGATION(payShippingCosts)_/F/_ AND {s,c}OBLIGATION(sendProduct)_/F/_) AND {k,s}OBLIGATION(notifyProductPayment)_/F/_) AND {b,k}OBLIGATION(payProduct)_/F/_;conflictFree
33;{b,k}[!notifyDelivery*]({k,s}PROHIBITION(payProduct)_/F/_) AND {s,k}[!liberateShippingCosts*]({k,c}PROHIBITION(payShippingCosts)_/F/_) AND {k,s}[notifyProductPayment]({s,k}[payShippingCosts]({s,c}[sendProduct]({c,b}[deliverProduct]({c,s}[notifyProductDelivery]({s,k}[liberateShippingCosts]({k,c}OBLIGATION(payShippingCosts)_/F/_) AND {s,k}OBLIGATION(liberateShippingCosts)_/F/_) AND {b,k}[notifyProductReceipt]({k,c}OBLIGATION(payProduct)_/F/_) AND {c,s}OBLIGATION(notifyProductDelivery)_/F/_ AND {b,k}OBLIGATION(notifyProductReceipt)_/F/_) AND {c,b}OBLIGATION(deliverProduct)_/F/_) AND {k,c}OBLIGATION(notifyShippingPayment)_/F/_) AND {s,k}OBLIGATION(payShippingCosts)_/F/_ AND {s,c}OBLIGATION(sendProduct)_/F/_) AND {k,s}OBLIGATION(notifyProductPayment)_/F/_;conflictFree
34;{b,k}[!notifyDelivery*]({k,s}PROHIBITION(payProduct)_/F/_) AND {s,k}[!liberateShippingCosts*]({k,c}PROHIBITION(payShippingCosts)_/F/_) AND {s,k}[payShippingCosts]({s,c}[sendProduct]({c,b}[deliverProduct]({c,s}[notifyProductDelivery]({s,k}[liberateShippingCosts]({k,c}OBLIGATION(payShippingCosts)_/F/_) AND {s,k}OBLIGATION(liberateShippingCosts)_/F/_) AND {b,k}[notifyProductReceipt]({k,c}OBLIGATION(payProduct)_/F/_) AND {c,s}OBLIGATION(notifyProductDelivery)_/F/_ AND {b,k}OBLIGATION(notifyProductReceipt)_/F/_) AND {c,b}OBLIGATION(deliverProduct)_/F/_) AND {k,c}OBLIGATION(notifyShippingPayment)_/F/_) AND {s,k}OBLIGATION(payShippingCosts)_/F/_ AND {s,c}OBLIGATION(sendProduct)_/F/_;conflictFree
35;{b,k}[!notifyDelivery*]({k,s}PROHIBITION(payProduct)_/F/_) AND {s,k}[!liberateShippingCosts*]({k,c}PROHIBITION(payShippingCosts)_/F/_) AND {s,c}[sendProduct]({c,b}[deliverProduct]({c,s}[notifyProductDelivery]({s,k}[liberateShippingCosts]({k,c}OBLIGATION(payShippingCosts)_/F/_) AND {s,k}OBLIGATION(liberateShippingCosts)_/F/_) AND {b,k}[notifyProductReceipt]({k,c}OBLIGATION(payProduct)_/F/_) AND {c,s}OBLIGATION(notifyProductDelivery)_/F/_ AND {b,k}OBLIGATION(notifyProductReceipt)_/F/_) AND {c,b}OBLIGATION(deliverProduct)_/F/_) AND {k,c}OBLIGATION(notifyShippingPayment)_/F/_;conflictFree
36;{b,k}[!notifyDelivery*]({k,s}PROHIBITION(payProduct)_/F/_) AND {s,k}[!liberateShippingCosts*]({k,c}PROHIBITION(payShippingCosts)_/F/_) AND {c,b}[deliverProduct]({c,s}[notifyProductDelivery]({s,k}[liberateShippingCosts]({k,c}OBLIGATION(payShippingCosts)_/F/_) AND {s,k}OBLIGATION(liberateShippingCosts)_/F/_) AND {b,k}[notifyProductReceipt]({k,c}OBLIGATION(payProduct)_/F/_) AND {c,s}OBLIGATION(notifyProductDelivery)_/F/_ AND {b,k}OBLIGATION(notifyProductReceipt)_/F/_) AND {c,b}OBLIGATION(deliverProduct)_/F/_;conflictFree
37;{b,k}[!notifyDelivery*]({k,s}PROHIBITION(payProduct)_/F/_) AND {s,k}[!liberateShippingCosts*]({k,c}PROHIBITION(payShippingCosts)_/F/_) AND {c,s}[notifyProductDelivery]({s,k}[liberateShippingCosts]({k,c}OBLIGATION(payShippingCosts)_/F/_) AND {s,k}OBLIGATION(liberateShippingCosts)_/F/_) AND {b,k}[notifyProductReceipt]({k,c}OBLIGATION(payProduct)_/F/_) AND {c,s}OBLIGATION(notifyProductDelivery)_/F/_ AND {b,k}OBLIGATION(notifyProductReceipt)_/F/_;conflictFree
38;{b,k}[!notifyDelivery*]({k,s}PROHIBITION(payProduct)_/F/_) AND {s,k}[!liberateShippingCosts*]({k,c}PROHIBITION(payShippingCosts)_/F/_) AND {s,k}[liberateShippingCosts]({k,c}OBLIGATION(payShippingCosts)_/F/_) AND {k,c}OBLIGATION(payProduct)_/F/_;conflictFree
39;{b,k}[!notifyDelivery*]({k,s}PROHIBITION(payProduct)_/F/_) AND {s,k}[!liberateShippingCosts*]({k,c}PROHIBITION(payShippingCosts)_/F/_);conflictFree
40;{s,k}[!liberateShippingCosts*]({k,c}PROHIBITION(payShippingCosts)_/F/_) AND {k,c}[!notifyShippingPayment*]({c,b}PROHIBITION(deliverProduct)_/F/_) AND {b,k}[payProduct]({k,s}[notifyProductPayment]({s,k}[payShippingCosts]({s,c}[sendProduct]({c,b}[deliverProduct]({c,s}[notifyProductDelivery]({s,k}[liberateShippingCosts]({k,c}OBLIGATION(payShippingCosts)_/F/_) AND {s,k}OBLIGATION(liberateShippingCosts)_/F/_) AND {b,k}[notifyProductReceipt]({k,c}OBLIGATION(payProduct)_/F/_) AND {c,s}OBLIGATION(notifyProductDelivery)_/F/_ AND {b,k}OBLIGATION(notifyProductReceipt)_/F/_) AND {c,b}OBLIGATION(deliverProduct)_/F/_) AND {k,c}OBLIGATION(notifyShippingPayment)_/F/_) AND {s,k}OBLIGATION(payShippingCosts)_/F/_ AND {s,c}OBLIGATION(sendProduct)_/F/_) AND {k,s}OBLIGATION(notifyProductPayment)_/F/_) AND {b,k}OBLIGATION(payProduct)_/F/_;conflictFree
41;{s,k}[!liberateShippingCosts*]({k,c}PROHIBITION(payShippingCosts)_/F/_) AND {k,c}[!notifyShippingPayment*]({c,b}PROHIBITION(deliverProduct)_/F/_) AND {k,s}[notifyProductPayment]({s,k}[payShippingCosts]({s,c}[sendProduct]({c,b}[deliverProduct]({c,s}[notifyProductDelivery]({s,k}[liberateShippingCosts]({k,c}OBLIGATION(payShippingCosts)_/F/_) AND {s,k}OBLIGATION(liberateShippingCosts)_/F/_) AND {b,k}[notifyProductReceipt]({k,c}OBLIGATION(payProduct)_/F/_) AND {c,s}OBLIGATION(notifyProductDelivery)_/F/_ AND {b,k}OBLIGATION(notifyProductReceipt)_/F/_) AND {c,b}OBLIGATION(deliverProduct)_/F/_) AND {k,c}OBLIGATION(notifyShippingPayment)_/F/_) AND {s,k}OBLIGATION(payShippingCosts)_/F/_ AND {s,c}OBLIGATION(sendProduct)_/F/_) AND {k,s}OBLIGATION(notifyProductPayment)_/F/_;conflictFree
42;{s,k}[!liberateShippingCosts*]({k,c}PROHIBITION(payShippingCosts)_/F/_) AND {k,c}[!notifyShippingPayment*]({c,b}PROHIBITION(deliverProduct)_/F/_) AND {s,k}[payShippingCosts]({s,c}[sendProduct]({c,b}[deliverProduct]({c,s}[notifyProductDelivery]({s,k}[liberateShippingCosts]({k,c}OBLIGATION(payShippingCosts)_/F/_) AND {s,k}OBLIGATION(liberateShippingCosts)_/F/_) AND {b,k}[notifyProductReceipt]({k,c}OBLIGATION(payProduct)_/F/_) AND {c,s}OBLIGATION(notifyProductDelivery)_/F/_ AND {b,k}OBLIGATION(notifyProductReceipt)_/F/_) AND {c,b}OBLIGATION(deliverProduct)_/F/_) AND {k,c}OBLIGATION(notifyShippingPayment)_/F/_) AND {s,k}OBLIGATION(payShippingCosts)_/F/_ AND {s,c}OBLIGATION(sendProduct)_/F/_;conflictFree
43;{s,k}[!liberateShippingCosts*]({k,c}PROHIBITION(payShippingCosts)_/F/_) AND {k,c}[!notifyShippingPayment*]({c,b}PROHIBITION(deliverProduct)_/F/_) AND {s,c}[sendProduct]({c,b}[deliverProduct]({c,s}[notifyProductDelivery]({s,k}[liberateShippingCosts]({k,c}OBLIGATION(payShippingCosts)_/F/_) AND {s,k}OBLIGATION(liberateShippingCosts)_/F/_) AND {b,k}[notifyProductReceipt]({k,c}OBLIGATION(payProduct)_/F/_) AND {c,s}OBLIGATION(notifyProductDelivery)_/F/_ AND {b,k}OBLIGATION(notifyProductReceipt)_/F/_) AND {c,b}OBLIGATION(deliverProduct)_/F/_) AND {k,c}OBLIGATION(notifyShippingPayment)_/F/_;conflictFree
44;{b,k}[!notifyDelivery*]({k,s}PROHIBITION(payProduct)_/F/_) AND {k,c}[!notifyShippingPayment*]({c,b}PROHIBITION(deliverProduct)_/F/_) AND {b,k}[payProduct]({k,s}[notifyProductPayment]({s,k}[payShippingCosts]({s,c}[sendProduct]({c,b}[deliverProduct]({c,s}[notifyProductDelivery]({s,k}[liberateShippingCosts]({k,c}OBLIGATION(payShippingCosts)_/F/_) AND {s,k}OBLIGATION(liberateShippingCosts)_/F/_) AND {b,k}[notifyProductReceipt]({k,c}OBLIGATION(payProduct)_/F/_) AND {c,s}OBLIGATION(notifyProductDelivery)_/F/_ AND {b,k}OBLIGATION(notifyProductReceipt)_/F/_) AND {c,b}OBLIGATION(deliverProduct)_/F/_) AND {k,c}OBLIGATION(notifyShippingPayment)_/F/_) AND {s,k}OBLIGATION(payShippingCosts)_/F/_ AND {s,c}OBLIGATION(sendProduct)_/F/_) AND {k,s}OBLIGATION(notifyProductPayment)_/F/_) AND {b,k}OBLIGATION(payProduct)_/F/_;conflictFree
45;{b,k}[!notifyDelivery*]({k,s}PROHIBITION(payProduct)_/F/_) AND {k,c}[!notifyShippingPayment*]({c,b}PROHIBITION(deliverProduct)_/F/_) AND {k,s}[notifyProductPayment]({s,k}[payShippingCosts]({s,c}[sendProduct]({c,b}[deliverProduct]({c,s}[notifyProductDelivery]({s,k}[liberateShippingCosts]({k,c}OBLIGATION(payShippingCosts)_/F/_) AND {s,k}OBLIGATION(liberateShippingCosts)_/F/_) AND {b,k}[notifyProductReceipt]({k,c}OBLIGATION(payProduct)_/F/_) AND {c,s}OBLIGATION(notifyProductDelivery)_/F/_ AND {b,k}OBLIGATION(notifyProductReceipt)_/F/_) AND {c,b}OBLIGATION(deliverProduct)_/F/_) AND {k,c}OBLIGATION(notifyShippingPayment)_/F/_) AND {s,k}OBLIGATION(payShippingCosts)_/F/_ AND {s,c}OBLIGATION(sendProduct)_/F/_) AND {k,s}OBLIGATION(notifyProductPayment)_/F/_;conflictFree
46;{b,k}[!notifyDelivery*]({k,s}PROHIBITION(payProduct)_/F/_) AND {k,c}[!notifyShippingPayment*]({c,b}PROHIBITION(deliverProduct)_/F/_) AND {s,k}[payShippingCosts]({s,c}[sendProduct]({c,b}[deliverProduct]({c,s}[notifyProductDelivery]({s,k}[liberateShippingCosts]({k,c}OBLIGATION(payShippingCosts)_/F/_) AND {s,k}OBLIGATION(liberateShippingCosts)_/F/_) AND {b,k}[notifyProductReceipt]({k,c}OBLIGATION(payProduct)_/F/_) AND {c,s}OBLIGATION(notifyProductDelivery)_/F/_ AND {b,k}OBLIGATION(notifyProductReceipt)_/F/_) AND {c,b}OBLIGATION(deliverProduct)_/F/_) AND {k,c}OBLIGATION(notifyShippingPayment)_/F/_) AND {s,k}OBLIGATION(payShippingCosts)_/F/_ AND {s,c}OBLIGATION(sendProduct)_/F/_;conflictFree
47;{b,k}[!notifyDelivery*]({k,s}PROHIBITION(payProduct)_/F/_) AND {k,c}[!notifyShippingPayment*]({c,b}PROHIBITION(deliverProduct)_/F/_) AND {s,c}[sendProduct]({c,b}[deliverProduct]({c,s}[notifyProductDelivery]({s,k}[liberateShippingCosts]({k,c}OBLIGATION(payShippingCosts)_/F/_) AND {s,k}OBLIGATION(liberateShippingCosts)_/F/_) AND {b,k}[notifyProductReceipt]({k,c}OBLIGATION(payProduct)_/F/_) AND {c,s}OBLIGATION(notifyProductDelivery)_/F/_ AND {b,k}OBLIGATION(notifyProductReceipt)_/F/_) AND {c,b}OBLIGATION(deliverProduct)_/F/_) AND {k,c}OBLIGATION(notifyShippingPayment)_/F/_;conflictFree
48;{k,c}[!notifyShippingPayment*]({c,b}PROHIBITION(deliverProduct)_/F/_);conflictFree
49;{b,k}[!notifyDelivery*]({k,s}PROHIBITION(payProduct)_/F/_) AND {s,k}[!liberateShippingCosts*]({k,c}PROHIBITION(payShippingCosts)_/F/_) AND {k,c}[!notifyShippingPayment*]({c,b}PROHIBITION(deliverProduct)_/F/_) AND {b,k}[payProduct]({k,s}[notifyProductPayment]({s,k}[payShippingCosts]({s,c}[sendProduct]({c,b}[deliverProduct]({c,s}[notifyProductDelivery]({s,k}[liberateShippingCosts]({k,c}OBLIGATION(payShippingCosts)_/F/_) AND {s,k}OBLIGATION(liberateShippingCosts)_/F/_) AND {b,k}[notifyProductReceipt]({k,c}OBLIGATION(payProduct)_/F/_) AND {c,s}OBLIGATION(notifyProductDelivery)_/F/_ AND {b,k}OBLIGATION(notifyProductReceipt)_/F/_) AND {c,b}OBLIGATION(deliverProduct)_/F/_) AND {k,c}OBLIGATION(notifyShippingPayment)_/F/_) AND {s,k}OBLIGATION(payShippingCosts)_/F/_ AND {s,c}OBLIGATION(sendProduct)_/F/_) AND {k,s}OBLIGATION(notifyProductPayment)_/F/_) AND {b,k}OBLIGATION(payProduct)_/F/_;conflictFree
50;{b,k}[!notifyDelivery*]({k,s}PROHIBITION(payProduct)_/F/_) AND {s,k}[!liberateShippingCosts*]({k,c}PROHIBITION(payShippingCosts)_/F/_) AND {k,c}[!notifyShippingPayment*]({c,b}PROHIBITION(deliverProduct)_/F/_) AND {k,s}[notifyProductPayment]({s,k}[payShippingCosts]({s,c}[sendProduct]({c,b}[deliverProduct]({c,s}[notifyProductDelivery]({s,k}[liberateShippingCosts]({k,c}OBLIGATION(payShippingCosts)_/F/_) AND {s,k}OBLIGATION(liberateShippingCosts)_/F/_) AND {b,k}[notifyProductReceipt]({k,c}OBLIGATION(payProduct)_/F/_) AND {c,s}OBLIGATION(notifyProductDelivery)_/F/_ AND {b,k}OBLIGATION(notifyProductReceipt)_/F/_) AND {c,b}OBLIGATION(deliverProduct)_/F/_) AND {k,c}OBLIGATION(notifyShippingPayment)_/F/_) AND {s,k}OBLIGATION(payShippingCosts)_/F/_ AND {s,c}OBLIGATION(sendProduct)_/F/_) AND {k,s}OBLIGATION(notifyProductPayment)_/F/_;conflictFree
51;{b,k}[!notifyDelivery*]({k,s}PROHIBITION(payProduct)_/F/_) AND {s,k}[!liberateShippingCosts*]({k,c}PROHIBITION(payShippingCosts)_/F/_) AND {k,c}[!notifyShippingPayment*]({c,b}PROHIBITION(deliverProduct)_/F/_) AND {s,k}[payShippingCosts]({s,c}[sendProduct]({c,b}[deliverProduct]({c,s}[notifyProductDelivery]({s,k}[liberateShippingCosts]({k,c}OBLIGATION(payShippingCosts)_/F/_) AND {s,k}OBLIGATION(liberateShippingCosts)_/F/_) AND {b,k}[notifyProductReceipt]({k,c}OBLIGATION(payProduct)_/F/_) AND {c,s}OBLIGATION(notifyProductDelivery)_/F/_ AND {b,k}OBLIGATION(notifyProductReceipt)_/F/_) AND {c,b}OBLIGATION(deliverProduct)_/F/_) AND {k,c}OBLIGATION(notifyShippingPayment)_/F/_) AND {s,k}OBLIGATION(payShippingCosts)_/F/_ AND {s,c}OBLIGATION(sendProduct)_/F/_;conflictFree
52;{b,k}[!notifyDelivery*]({k,s}PROHIBITION(payProduct)_/F/_) AND {s,k}[!liberateShippingCosts*]({k,c}PROHIBITION(payShippingCosts)_/F/_) AND {k,c}[!notifyShippingPayment*]({c,b}PROHIBITION(deliverProduct)_/F/_) AND {s,c}[sendProduct]({c,b}[deliverProduct]({c,s}[notifyProductDelivery]({s,k}[liberateShippingCosts]({k,c}OBLIGATION(payShippingCosts)_/F/_) AND {s,k}OBLIGATION(liberateShippingCosts)_/F/_) AND {b,k}[notifyProductReceipt]({k,c}OBLIGATION(payProduct)_/F/_) AND {c,s}OBLIGATION(notifyProductDelivery)_/F/_ AND {b,k}OBLIGATION(notifyProductReceipt)_/F/_) AND {c,b}OBLIGATION(deliverProduct)_/F/_) AND {k,c}OBLIGATION(notifyShippingPayment)_/F/_;conflictFree
53;{s,k}[!liberateShippingCosts*]({k,c}PROHIBITION(payShippingCosts)_/F/_) AND {k,c}[!notifyShippingPayment*]({c,b}PROHIBITION(deliverProduct)_/F/_);conflictFree
54;{b,k}[!notifyDelivery*]({k,s}PROHIBITION(payProduct)_/F/_) AND {k,c}[!notifyShippingPayment*]({c,b}PROHIBITION(deliverProduct)_/F/_);conflictFree

